Interval,R2,RMSE,MAPE
5min,0.7173668652241123,8661.948129151244,0.3810631323661611
