Interval,R2,RMSE,MAPE
1hour,0.7177740808746839,8656.450512792522,0.38121084061992844
