Interval,R2,RMSE,MAPE
15min,0.7174814531466569,8660.328636625189,0.38110877232321677
